id_hipotesis,hipotesis,palanca_principal,impacto_estimado,esfuerzo_estimado,forma_validacion,supuestos_clave,estado_validacion
H1,Reducir el tiempo de onboarding de 7 a 3 días aumenta la tasa de activación en un 25%,Onboarding流畅,4,3,A/B test con 500 usuarios nuevos durante 4 semanas,Tasa actual de activación es 35%; el tiempo de onboarding correlaciona negativamente con activación (r=-0.72),pendiente
H2,Implementar emails automatizados de activación en D+1, D+3 y D+7 incrementa la activación un 15%,Comunicación proactiva,3,2,Análisis de cohortes comparando usuarios con/sin emails en 8 semanas,Open rate esperado >40%; la secuencia actual tiene CTR de 2.1%,validada
H3,Ofrecer una sesión de onboarding personalizada con un customer success manager incrementa la activación en un 30% para el segmento enterprise,Segmentación + CSM,5,4,Test con 50 clientes enterprise en Q1; medir activación a 30 días,El segmento enterprise representa 15% de nuevos clientes; ticket promedio $50k/año,pendiente
H4,Simplificar el primer flujo de uso a 3 clicks reduce la fricción y aumenta la activación un 20%,UX/UI,4,3,Heatmaps y funnel analysis pre/post cambio en 2 semanas,El flujo actual tiene 7 pasos; usuarios abandonan en paso 4 (60% dropoff),pendiente
H5,Crear un centro de recursos (academy) con tutorials interactivos incrementa la activación un 12%,Educación del usuario,3,2,Métricas de usage de academy vs activación en 3 meses,50% de usuarios acceden a documentación; completion rate de tutorials es 25%,analizando
H6,Implementar gamificación (badges, progress bars) en el primer uso aumenta la activación un 18%,Engagement,3,3,A/B test con gamificación vs control durante 6 semanas,Users younger de 35 años responden mejor a gamificación (estudios muestran +22% engagement),pendiente
H7,Enviar notificaciones push de recordatorio en D+2 y D+5 aumenta la activación un 10%,Notificaciones,2,1,Análisis de push open rate y conversión en 4 semanas,Opt-in rate actual de push es 60%; notification fatigue no supera el 5%,validada
H8,Ofrecer试用期 extendido de 30 días (vs 14 días actual) para usuarios que no se activan en los primeros 7 días incrementa la activación un 8%,Políticas de试用期,2,2,Test con 200 usuarios en 6 semanas,Usuarios que no se activan en D+7 tienen 40% probabilidad de activación si se extiende试用期,pendiente
H9,Crear comunidad de usuarios (Slack/Discord) con canal de onboarding incrementa la activación un 14%,Comunidad,3,3,Métricas de join rate a comunidad y correlación con activación en 6 meses,Comunidad activa tiene 2.3x más probabilidad de activación,analizando
H10,Personalizar la experiencia de onboarding según el tamaño de empresa y vertical aumenta la activación un 22%,Segmentación + Personalización,5,5,Test A/B con segmentación vs one-size-fits-all en 8 semanas,Existen 4 segmentos principales con diferentes pain points; el mensaje relevante mejora conversión 35%,pendiente